business_id,Bougie_Rating,,,
El4FC8jcawUVgw_0EIcbaQ,133,, ,
g8OnV26ywJlZpezdBnOWUQ,129,,,
JmI9nslLD7KZqRr__Bg6NQ,127,,,
Wxxvi3LZbHNIDwJ-ZimtnA,126,,,
XZbuPXdyA0ZtTu3AzqtQhg,120,,,
q3dJQtwZQrrurNT-1bNKgQ,116,,,
UBQRhqRMW4Sk7kSZvZ1iAQ,105,,,
k1QpHAkzKTrFYfk6u--VgQ,103,,,
ALn_0f-Usn3n0a9WBcjhhg,102,,,
mPfdYJj4d5KBPINDkaZY-Q,102,,, 
QYIhMNwxXejDoCr-F1BxDg,96,,,
Az_60nNuh1FH8Ds8oasZjw,95,,,
yfxDa8RFOvJPQh0rNtakHA,93,,,
Hr5h_LG9TMBLlFz_Oici0A,93,,,
eAc9Vd6loOgRQolMXQt6FA,92,,,
6tLL1P8k9drb7MJEVwmRhg,92,,,
_w5hBpkjHs5_Hv3pLeHtIw,91,,,
PVTfzxu7of57zo1jZwEzkg,89,,,
zgQHtqX0gqMw1nlBZl2VnQ,88,,,
na4Th5DrNauOv-c43QQFvA,86,,,
qjnJFZtsY_nfRzoL3J_UWQ,85,,,
XMMLRvV4IMxIGyc4H37LxA,84,,,
hRL_qCrcu9UL773su0QabQ,84,,,
5FIOXmUE3qMviX9GafGH-Q,84,,,
fSFzgt_QzJRUN0qNzTAwig,83,,,
moZpwq1hNxC-uJRpfupOTA,81,,,
rcaPajgKOJC2vo_l3xa42A,81,,,
ZHQU79PMUGCX0fEoyCcWlw,79,,,
XXW_OFaYQkkGOGniujZFHg,78,,,
AfN3Z1U6QPEgAb5F2CQm8w,78,,,
Wnq5to0-jXyh0-_jRZ6VOQ,78,,,
Z_JkVkaUcN4ITVeuG-4Qtw,76,,,
XvTBQotmJpVPjPNaMM7qLA,75,,,
YPavuOh2XsnRbLfl0DH2lQ,75,,,
FirWX-Ep5203TsdiGgShKg,75,,,
ugDCPgJUCRuNpHSPsMZwkw,74,,,
L_ZLtfHvfzfoNVQ0-okTXg,74,,,
BLIJ-p5wYuAhw6Pp6mh6mw,73,,,
oZcbn7ENit23xbCsyu9xbA,72,,,
rq5dgoksPHkJwJNQKlGQ7w,71,,,
JzOp695tclcNCNMuBl7oxA,71,,,
t-o_Sraneime4DDhWrQRBA,70,,,
_MVSmAYSl4RkgXBg5e8JaQ,69,,,
cTJjTKz2huGZ-ElScC2pSw,69,,,
vh1tPEaPioD78QmoqnWXpw,69,,,
eoHdUeQDNgQ6WYEnP2aiRw,67,,,
64dfRmMmUsOdLnkBOtzp4w,67,,,
ii8sAGBexBOJoYRFafF9XQ,67,,,
WYw3Uf56DT5IwpaLNnCH5Q,65,,,
PNTyiqS7R-0c1ofxOfDijQ,65,,,
OgJ0KxwJcJ9R5bUK0ixCbg,65,,,
BjH8Xepc10i6OhCDQdX6og,65,,,
p6EUf6c9GCfG7seS_wfFyA,63,,,
Dh1THmsiHfz_1J37Q3sdgg,62,,,
rt-EKmn8xpUuWdePYPPcHQ,61,,,
yVLbAdSQQURBNWsJIxzmfw,60,,,
67zCgILB2h6JoSvFabVe7g,60,,,
QJatAcxYgK1Zp9BRZMAx7g,59,,,
LFs5jyYdXlzi0SpAYi1eSA,59,,,
p4GMQauk2iqZnN6cj81s3g,59,,,
0TBTV3q6QXCn9vNhy3Xi2w,59,,,
7cK9uEV09iPmsTqOqmY3kQ,59,,,
wWhq9cKLCrZHcp-ezp-hPQ,59,,,
uGupeWqih0yIcCg8anM1PA,59,,,
qdd1DHfeKHE72_djJxCJdQ,58,,,
m1krp3dyJorAbV0HQC-TRQ,58,,,
dIqMQYs6tmowQUygS8sQ6A,58,,,
d10IxZPirVJlOSpdRZJczA,58,,,
SkO0Kd4_bO4VWTzCa_k8_g,58,,,
crstB-H5rOfbXhV8pX0e6g,58,,,
pZ1quwXnYozLIZIVABojhw,57,,,
J07TDs6qnTIaxm48EL1cKQ,57,,,
0W4lkclzZThpx3V65bVgig,56,,,
ZibmYdOPKLlqDM9oR6xzOA,56,,,
zRqi6L1u-YmmVAHjeUbGMQ,56,,,
I_a74zmgR-X03LsKISWPcg,56,,,
vrKcFQPxj1Zzyj93yl-t6g,55,,,
_XN-GwzZwAyIqLKJsl2htg,54,,,
_guNmxJd4Ep6S3pBZdAjGA,54,,,
P6c0lV9DeJ6ofntpTWyqhA,54,,,
zKqWjDZHo-lk7_E3hHkORg,53,,,
TsILQGwGyibOhwMJ3cX8-Q,53,,,
r5PLDU-4mSbde5XekTXSCA,53,,,
5CJL_2-XwCGBmOav4mFdYg,53,,,
6Q7-wkCPc1KF75jZLOTcMw,52,,,
cefRDEK5O3t_iUuwnmL27Q,52,,,
HfApX8Ps1T-PpmwIVTo0iw,52,,,
ohEnmKpF7i2_ujme1p_vUQ,52,,,
rwLm3556i3xw2n3ND0cpdg,52,,,
M8_C-be43AQsH_sEgLPFPg,51,,,
uuGL8diLlHfeUeFuod3F-w,51,,,
qBMQUR66_7pmld8NmGxVFg,51,,,
ms7cmWkPiSBDTnz-1sv2kQ,51,,,
fZM_o3kKZ9mR-1pvBeow8A,51,,,
VRwT0pscR5vESCrAnUpNwQ,51,,,
AV6weBrZFFBfRGCbcRGO4g,50,,,
Jc2X0JqdBupkOzTPZtbcWA,49,,,
RTegy5CUBpMK65pr8UeDgA,49,,,
x2nALssJGy_6p74ddxx3GQ,49,,,
-BxWyEIQ6wypT-37MzZizQ,49,,,
BcW7Z9lPmOB_8eS2lEuOqQ,49,,,
0d0i0FaJq1GIeW1rS2D-5w,48,,,
BzZNKx6Des02RuAtT-uOPw,48,,,
NJ0RzuWd5xDqfJejYQZ65g,48,,,
_3olhuCXhoqjy4M2rBp1YA,48,,,
pLZ9oZM8c6MNbRlg06lBPg,47,,,
bvow46stEejfxnnqEKTAyQ,47,,,
Er8DpPwf_lHHv64ncWhD8g,47,,,
bKxKPGmkwH-Q-GSbt7chNA,47,,,
YvuniBBiSs66vx9GtYO2hg,46,,,
4KHo1LnkM69RtWTDBdG16g,46,,,
RWYQMss0RzbtDGGwRI3iaQ,46,,,
DV9hrCAKTx9D932ZOd8t8Q,46,,,
CCRgGKhzxSpl38w7yhqKUw,46,,,
8F-CalsRSKiPjjsx8ql8Lg,45,,,
Ns20WGWn6s6niKAGIQB4UQ,45,,,
AJ8DDFm6QaihAPZI3wFBHw,44,,,
F8FHXQBpMu1erLSTwUxYeQ,44,,,
I3STZd5iAvUL9MNLF_DUug,44,,,
kGOr_D-LNpgZ2M9N8TT4QQ,43,,,
eZcCFV-8X91ZSnmB9807bw,43,,,
d4qwVw4PcN-_2mK2o1Ro1g,43,,,
fQt4D34vcJNtEf8Q4zte3w,43,,,
nnDLapJk1z2NJE0-XzwMlQ,43,,,
jKGiCMg50oRzmMOAOHsFiw,43,,,
apdb7MGnmnx6nGWBJ0ch_g,43,,,
vx1gUYqYQE2O5rfOrUi-Cw,42,,,
Y-S2LhHefBdnX8VP5Bh_JA,42,,,
FvVSy2r7_zDEhZWqLgjXNQ,42,,,
uAyXrnFaXw2FBiYnmncDuw,42,,,
wOIh5bvOsSv1zcRrX6A8Lw,42,,,
4mb32UmQULqg7IMck28vog,41,,,
Ap17p-tA4Ipzy1s35DfCfg,41,,,
0AQnRQw34IQW9-1gJkYnMA,41,,,
EQZPTDAy-lWijb0i8JpHNw,41,,,
PDIh1lVtKlUqPJROXYJQvQ,40,,,
JtjXRSvLtZhWeCcZ5aJeZA,40,,,
nist6UGz0213A9kTrwHJ3A,40,,,
qgAZPDQStZP_Y5XTiQ6UqA,40,,,
FcvWRrwhjIqktji6iLpaUA,40,,,
pHJu8tj3sI8eC5aIHLFEfQ,40,,,
c78Pat78fVUBFPXYeVvbaQ,39,,,
EAwh1OmG6t6p3nRaZOW_AA,39,,,
VG0nWxGsPixYLsyi49gyxQ,39,,,
wPiRP76arN0NB3M1ZXXp7g,39,,,
2sx52lDoiEtef7xgPCaoBw,39,,,
V81Ahkb9QFlbEx4PoeRiyA,39,,,
6Z3lZEEIKv6opbyavmnGbA,39,,,
RcB7STNxoSDjtoK1pXgWBg,39,,,
Gu8D1YoKErqVNNX00qkEaw,39,,,
VMr8sgoQOW0fo0qVJENajA,39,,,
z6-reuC5BYf_Rth9gMBfgQ,39,,,
NfbL91oFvP3dhvNka8rG5Q,39,,,
N93EYZy9R0sdlEvubu94ig,38,,,
S5bNE4Pmin8OQUMOFod8bQ,38,,,
vnIdWzIB2W4j9cDcd6tHAQ,38,,,
R3Cg6XvdBNXXNbEu6M977A,38,,,
kkmnzRWOq9mJVpQQzgv-9w,38,,,
Uut2Y-n5eMO6qIn7tvEYKA,38,,,
ndQTAJzhhkrl1i5ToEGSZw,38,,,
8GRlTN7cdWR5mz38HySZzw,38,,,
g5l4vrFN03ob_zDDztDDjA,38,,,
8ciT6qjI18x9EPtOb-gqYQ,38,,,
bh0dRmSXjNWZLRys2VmW6A,38,,,
sk2L4KcJbkkF6eHfjitGpg,38,,,
xtYiHTmunjfCN2sUaQxBjA,38,,,
colkiB9memBWXIRGw8C9MQ,37,,,
e13SEvJud_vgeDR_doL4sQ,37,,,
BuJfxizrE5ZFZgOl2EHRKg,37,,,
D3ehpx1uKG5aLuaJgztYDg,37,,,
HCCg-rVnHQ2FI6lHs_LvUQ,37,,,
DgE8JqFcYgp2SrjSKb3Gsg,36,,,
8kIQISyUcAxtGg-Kv6BwzQ,36,,,
2rLuOMi6Q6zzqUU8ltreSA,36,,,
fjapWp89YVCeKvW51KUDQw,36,,,
jDqaz1jKdeWk_fTVCzc1Pg,36,,,
GIhzzb9tjqLCYdNP_k3-dQ,36,,,
JkLm29XZ7CZnk2xo9FLQUw,36,,,
ePt0qmZgU-fjqMoM1M2U3Q,36,,,
RtUvSWO_UZ8V3Wpj0n077w,35,,,
HZ1nss1kZrSMLSRQEo2vkQ,35,,,
Qng9lEqWA9uTtm6oq2rZuw,35,,,
ZdGWAv90dY81kpKzMLMvvA,35,,,
IsoLzudHC50oJLiEWpwV-w,35,,,
DPZBuTuL7w5MVxsCEyQudQ,35,,,
CUivTcULsu5MJIYYNVm1zw,35,,,
NUHNLaMg7aMesMdAiie73w,34,,,
J3FUxMAHfCl-WFo86u5DqA,34,,,
1DP5vHxJzCDbgawv0WC3yA,34,,,
wHeG9RYU3_k3wlCgkLGDRA,34,,,
XP0YZRa6Un25QaOH2g1ivA,34,,,
edVhUxTKz4nn5-qF7Ix_7g,34,,,
wHq1efQVz17338k_aUOX3w,34,,,
qkyCuFJF2Uboh6n2Lmuwlg,34,,,
aqwn3jdQLCWnb59gHK4nAw,34,,,
l1_S1mfGbEMxfT1f9omhEA,33,,,
dw2ST-AHUbu2xq0QNfngBA,33,,,
uATqc1QJkS5lOKfoJ6Uz2w,33,,,
_vZ7bHaGCjllogiZ7RH17w,33,,,
TCoBE_BkDRrK0bWrh5VueQ,33,,,
QXV3L_QFGj8r6nWX2kS2hA,33,,,
SsN-SaGGkJn2Qm-jSDQ4aQ,33,,,
x5vSE0-NO_YSZtOnitLWuQ,33,,,
KcbFFh7xfBLl2YeXQRhUNg,33,,,
4Iak803d4fyY358jSMRasg,33,,,
TysP7COEyCzMTOTjk_sYrA,33,,,
21fK0m8sQFbRQv3RlskE2w,33,,,
pSQFynH1VxkfSmehRXlZWw,33,,,
hpeXkAXzF1JXoGI7xJwJDQ,33,,,
QsMR_Fp9YRtDegThsOgFLA,33,,,
gHutuGMMMH-5Qv9DbemLFw,33,,,
Se9dkAqNfBoOoAbKT0LEsg,33,,,
OGRB__fguKfGpPdH7FvBDA,33,,,
u4TVM_6Ya1FBRszxcBROWA,33,,,
a11zyJN_ue0CQ_bjoeke-w,33,,,
7JDxP9DXn2A-vqkQ9Jy-fQ,33,,,
u-67zd1ImTv3EEr5kIdWrA,33,,,
hjk3ox7w1akbEuOgTJ03Bw,32,,,
OwYElCdiJ1IGKVJ4--_mvQ,32,,,
nVAJZ6BJ9PPlxDXn976R6A,32,,,
5Dccw539NNtnyCgTu5ed5A,32,,,
meXjqyhTNLFmknY39y2sMg,32,,,
IUTU_8qM7M8j9A1TbmMjYA,32,,,
RCecFvaY8EWy9zP_0DkxTg,32,,,
tuIg103yDqCEcTk5J_h8ow,32,,,
RyJIi1IP0UQ5qGbwazgsIA,32,,,
NwVj3tbEcR2F8fbrcOEV0Q,32,,,
tWiFat101ID5w_wgAPMXhA,32,,,
CS3zMyq39AuGnOQO9RYLGw,32,,,
e41TP5cXZqSrz50xCBJqZw,32,,,
IZivKqtHyz4-ts8KsnvMrA,32,,,
M0pkmBUi_CI0qrzN7ee80Q,32,,,
P-nqq5kOv2wV2mB5To5elQ,31,,,
ghWwqlRd1MaWz8hfgZ8Vsw,31,,,
wZP0LtxhQspa-VNMz8zuAg,31,,,
uF86ZhygpBEGr3CudNemYA,31,,,
54_git0HB9xRH9o4FCPFfQ,31,,,
VR8QvH2g-jEG5EfMzA_G9w,31,,,
-cBQKodqi77Q0vk-9iDvQA,31,,,
IALVdIEdp8n6aJed1hBGhg,31,,,
edX9ThdTmDRjnONHnu6ztw,31,,,
flE7Sn2JGs0n3SAtaep6Zw,31,,,
FogTa-wmjhVnJCoTiaxvZA,31,,,
_c3ixq9jYKxhLUB0czi0ug,31,,,
0WrhcwoAeDn2BcyUrZOkiw,31,,,
JLpss-H1qX4tJ9eRuSqgmw,31,,,
hh4fbhrp5x50P8wAbRwADw,31,,,
3ug1xM71zxibq5RETXCi4Q,31,,,
LI9sVHgnX-DzFyvWmPDRgA,31,,,
N0apJkxIem2E8irTBRKnHw,31,,,
GNEjlH_KssnJVRtqV4hAiw,30,,,
iIjVO7cLD1UEmIO7G05Ujw,30,,,
B_WggEKFq-ZFNui8CHPYvA,30,,,
BxKe9Xt_fN6qBzrTofHuEQ,30,,,
Sovgwq-E-n6wLqNh3X_rXg,30,,,
eN8mkjt_q686hGKi-A9ceg,30,,,
6C_8Mh4lmLc_QEs3hHleBg,30,,,
TRJHqPTKFFFglV0OGXS3Ig,30,,,
EUQoB_ph7_xIyj7JZGI3bg,30,,,
rBxFYhMxq2bIA9FGKIfCrA,30,,,
vA8xWxYs8WnT2HZrZ02kLw,30,,,
KsWGy-WuTUm5ve5lFUOCfg,30,,,
PZMpjUQ9_JVCf4Htu6vZYg,30,,,
l9-I7_E4xHKv1r-ikizpPw,30,,,
RAh9WCQAuocM7hYM5_6tnw,30,,,
3VK_NJI6mlT4LMrrM0uJiw,29,,,
oVrvzUJczq0e2JzVxSTyag,29,,,
5vAe61D-AAjGZBFA4Ep8mQ,29,,,
Al0uCu7s9LQEURwV1F6Bfg,29,,,
k1q9f7aJ2TsoSbeA8Qm1aA,29,,,
xm6OKOUnvpn58ejuY6-yQQ,29,,,
4wjJe3AxFyVOSMHLRh68Og,29,,,
T1tvWywCdTv8YiK-r_roLw,29,,,
UUAYbiuxucRdKvkKX7KhmQ,29,,,
taet5lzHXhUGGkPrWcfmsg,29,,,
iI3jcwudiZYMVUeRPy-DwQ,29,,,
JAaABhG2j_bJuVjfFIZWFw,28,,,
ajoqEHnCZTD8-8GqGLq9-Q,28,,,
eEnNw3_hBvxcFHyr23kAuA,28,,,
yymNrvk1cioG5Bn5lWH2QQ,28,,,
zrMGL9riavdJR4olXaACOQ,28,,,
x9HvTsA83c5r-muemxw_9A,28,,,
cMHEWGbGdGy1WkThoh6oXA,28,,,
3C0gL4CHLATs2pLGvmptEQ,28,,,
I4FK69Jk-4edGnISrBZzmw,28,,,
GWva6TXiI4ZYejGTx4gqiQ,28,,,
2iTsRqUsPGRH1li1WVRvKQ,28,,,
V0uhdzIzLXzEaNl4Up8MJA,27,,,
Se-co1eXBho5A4YwMfKMIQ,27,,,
fgskuH5aQq0ROHm9zst_0g,27,,,
tcfL9_Qe-12eX4rdmK_6XA,27,,,
Xj7DIGRHEchJ-VVdISazQQ,27,,,
ebTvBxSStI9Vf5Tpux_X3Q,27,,,
9SU7ZZhaFUJJ6m2k5HKHeg,27,,,
t7g-VMFt0zT4laAt-2p6RA,27,,,
5aRyuqJZSGp1fNXHQHMLjg,27,,,
u6xb2aUAvX6i1WhsQWqgWg,27,,,
_xTGGyRuzGUUWujaE4s7hw,27,,,
PRbIMseOwPCCRv5C4SfTDQ,27,,,
jXjglUcr2bDKdoV4lxnJ8A,27,,,
qJxHW6LWtGWcErnL56GcmA,27,,,
NncsqhAElh0zykYdUULByg,27,,,
s0IHyfHZIyDdNWV8g7XaMw,27,,,
hgeXEGD9lRX4ohj7afSJnw,27,,,
YzlgswAwmpkMQifS3-YQTw,27,,,
AtD6B83S4Mbmq0t7iDnUVA,27,,,
pH0BLkL4cbxKzu471VZnuA,27,,,
Fy4t2XHIRKwMk_ocCZze0Q,27,,,
DGkjLTH7BiHp_sMgUExYCQ,26,,,
HxLouUPqiou7D6YK5t-DgQ,26,,,
W5d8iNog90R-qw43m5dGwg,26,,,
pvCcrHFAGCml492qoQBsQg,26,,,
4RoTEeqB_MNn6yaqZmlZHg,26,,,
odyYR1Bg2bqmp1kVlm8OYw,26,,,
SVGApDPNdpFlEjwRQThCxA,26,,,
XeDLyY2a7nZ3IEY4RYslXA,26,,,
3xmfT7l3xNH5LK1dLzfvGw,26,,,
jZ8ogksrNzUmREJggc1YOQ,26,,,
PWW_jT4tHP_r1S18ePJyTQ,26,,,
9MJDPVeLqAWLqdWF4Heqvg,26,,,
wSojc-y-d7MWiGWdy8deCg,26,,,
cLUoCKZGS8IJDStYsAA3Xw,26,,,
P7qYTvWR9X_CBn4vVvuTpA,26,,,
zvVBDfGuo0ePnMehMCfWrg,26,,,
HHcuXarbh_kJQ95Yjsjp0Q,26,,,
vC23Fq8lMkNiZ4F8yh3ukQ,26,,,
RRtjC-KUE9vSbD09r6is2A,26,,,
-Bdw-5H5C4AYSMGnAvmnzw,26,,,
GGc72-G2GsrTuz8sz-kMGg,26,,,
_rYiwtK3EiGtWKdKkWWrYg,26,,,
E25-2ssHwsajyGtsllMXaA,26,,,
ciRz_po5TDsM3HEpu9GqXg,26,,,
ZjU8vHUKakBREudY6Ittpg,26,,,
A5Rkh7UymKm0_Rxm9K2PJw,26,,,
T2tEMLpTeSMxLKpxwFdS3g,26,,,
gChmBjLSe3qa8rzEngoDLQ,26,,,
oWTn2IzrprsRkPfULtjZtQ,25,,,
28adZ4lsuUeVB2aWzohK9g,25,,,
qbQ1qZx6eTy7pOOXMBfQNQ,25,,,
hZuRyS8IXXuEQkUCas9O1Q,25,,,
jMrpr92nMEhe4cC4FF00VQ,25,,,
5jTmjxb1X34EfcY1gos4tw,25,,,
_PVqHUwjev4oOXomC7pk3w,25,,,
0NmTwqYEQiKErDv4a55obg,25,,,
n1Ng1q300iLHYZELtOd5FA,25,,,
MAuSh7NKoT__CQ4BumoayA,25,,,
UY13CTgUqriT-fMxT2APLw,25,,,
lslPZKTjaG9vhfINJ9acFA,25,,,
LsjYGLrWe6psx1y5m2J-4A,25,,,
ibkwcLZwaJ1pnPJVaI_-uA,25,,,
BgQ5ob0QiZfO5YbgI7VyFw,25,,,
_n3w5BK4-k7iXCWifCjUZg,25,,,
Fqtxif42LsP8VA2oiYF7eQ,25,,,
k_DUgRGUPyYbOsmHziOieQ,25,,,
Iaon2Nzf52WkkqkO4Eh7uw,25,,,
8rlTOw0IA1TENURMBJpaXw,25,,,
EZ9Uf-lSRtj1fvdMQlrwAw,25,,,
tOhRQqiupLyJdBJVQMGOEQ,24,,,
5-Gs-cUI_8-3Ykl9KbCLsw,24,,,
xVEtGucSRLk5pxxN0t4i6g,24,,,
vUqIE5La92aMJrY8kGgwsw,24,,,
RqpL5Y50F9exjyHfpTzp3w,24,,,
p4JsD_Ya0NRXNdnhbVBs0A,24,,,
vz8HFGsITt6aj-nyXkAEFg,24,,,
yQab5dxZzgBLTEHCw9V7_w,24,,,
z0cjTX7o6gJsXm2hWHaKGw,24,,,
7ddnq3YQSKguGK15etqGLQ,24,,,
kM-wUXUrcsTHToIbK0JBzA,24,,,
oaOT2G5mIE8yOPZ55RM4cA,24,,,
a2IFmm1FTeFLPDG5oP5V9w,24,,,
MVgTNrbHjQnRNY4QaYIrbQ,24,,,
rV1nkTx58v_q7YGDkGzfxQ,24,,,
btoBhgcY7vtvQ2M0itdTBQ,24,,,
46hnat0aLao-qYWZkN9aBg,24,,,
NmbBDuALeotUv01k7Qqr7g,24,,,
lUG4i-s3zNFY1f6bEnTfqg,24,,,
URFhSrJPk7JM2pUtsuWsAg,24,,,
7mGZrCzGGjS95SdRtEaGcQ,24,,,
CPuAHWcsNWNphK6I91kc4g,24,,,
l8k4gOEkfoLKq0mPVWHWGg,24,,,
XqU32ixNP_7wMKfk1F2clg,24,,,
1_vpfu3RxcnX5z54vmnOMg,24,,,
WeKF3N1MK0eJQmZdxPL9pQ,24,,,
9NMKFyr3Cw5wt_mlqv3U1g,24,,,
ko1v9-BdTqZQWmx4DIHWaw,24,,,
mPeD3z6k0JLNZIM9ow9hrg,24,,,
lOQPeguczAueJnLmDUTfGg,24,,,
EMx7IiWJK6KjQZNEAEbpow,23,,,
dSPR-58U95ufvmbvxMpKZg,23,,,
iL2pb5Khi6jV113vOVQCvA,23,,,
JPgBO-7imIPdc2XBkvynpQ,23,,,
Y8c0aPDo9L9Nyo636K8ZRQ,23,,,
WRQ-9LluyivReFiQZFUujw,23,,,
3T0Erqk1MKtN58764yZMfw,23,,,
fj8L3IWG9XP_RcVEbI-uzw,23,,,
Yo8ODT7aFMM2xKUd1yaBVw,23,,,
sf3kp0H13jZYEmS1A8Etcw,23,,,
SR0Q2hAEMJ_m23O_x-khSQ,23,,,
9IpKGHaPy3hhXo9g5Bt7lg,23,,,
WCUuQMK_W4hMU9dQWjCl0Q,23,,,
JsCKeWHA8n_5mFQ3F6t4UA,23,,,
DkclJocfsr7gr1GRAxA5Ew,23,,,
6PqYwabO2g1r2ZB7eImOiw,23,,,
Ii1M6ZwuooV1fNlNM18WzA,23,,,
aKFZamejw8kpglVk7e4WSA,23,,,
AzZldizu_tF9plrxsj0JGQ,23,,,
7XTGtaKjANmZqp2QtN_iPA,23,,,
y45zdBlXT0Mr0gEfYOzXlw,23,,,
dSEpkUP_RuR5gG_LhJ_INA,23,,,
momjERcb6G6ienrfPuNArw,23,,,
7hxwnxLCnnvWKWPCnmlvDg,23,,,
3f0-EXRF0oy6NDsFh9TJKA,23,,,
JAmQCmczUclNUfZjkNdjQA,23,,,
GI-CAiZ_Gg3h21PwrANB4Q,23,,,
TR0-w6VoZDAdvFQiq7P2Ug,22,,,
aNNOpMame_VEIIZUQ8m5HQ,22,,,
ogSBjY4agU0KDQJ2LOAc0g,22,,,
oQylTvXwGIkKFdCjmafKVg,22,,,
SN0-O-CuIsyZf3LGZVEUAw,22,,,
GG9VcABDC1hDFnjVi6q5Fw,22,,,
U1cXgftMjQheZfY8QKoXmA,22,,,
ruWTngdiC68O9la27hvvHw,22,,,
8b5ll2kjXfjgFIqWsjkr8Q,22,,,
kMLbk84aClc4qwSnuuuFzw,22,,,
0j7VWa5uGebj_94C1K2i2g,22,,,
LYWbyu1EQM2o5hwHG5_Ldg,22,,,
6KtYYZ4ARIVa2Zj2tOcp9g,22,,,
Cr4ipI-tr-R8Q0NilkWNkA,22,,,
ygZSfAsnlztdeWZOlJA2Ug,22,,,
R1jJQi2yR44D_2ileqr8kA,22,,,
rIcEm0o8Xk413HWD4-f2QA,22,,,
Ezt1S9niDIiiOsN8b5Dkvw,22,,,
BHMqFvtguSDrZLQPtjZSuA,22,,,
cQVpdviIJNkzO-5tFM_s9w,22,,,
BYQXVyuarIvLi32JzMLSVg,22,,,
TohJiJOsB7XwRyenaQel6w,22,,,
dDZqtA1me453GrMtpcpYOQ,22,,,
C3gKBIsZKR3bp43BbOu8qA,22,,,
t7R-p3dhGV78dSARAFKEOA,22,,,
3p0yosq4IE5E2B91PdoOSQ,22,,,
TgcjQfl1E9DE-SjDVOUDJQ,22,,,
RJEnPm-97UM7Gp5H83ZXsg,22,,,
Jl2MIN70I2DGw8KhVp6g7Q,22,,,
Os1n1_idfw9vv9kwULGJnQ,22,,,
MZ4EEf4VtkeSJURIGgp2AQ,21,,,
o_RlSv2vCeUxUuByv7TX7A,21,,,
f4x1YBxkLrZg652xt2KR5g,21,,,
UidEFF1WpnU4duev4fjPlQ,21,,,
5mu4SWwVTgNUXw0lWLaoZw,21,,,
lGy7jJ9oVZUJNkmZj7ewgA,21,,,
d_L-rfS1vT3JMzgCUGtiow,21,,,
NRn6yqCq3yAh7NtKBt79xQ,21,,,
gc_GGat7TgNCmrgc4nVOgw,21,,,
vBV5IbpTgUKuu2HlneE2NA,21,,,
XVA_j7ACtBZ7vx7Hda6eJw,21,,,
6VZKeg-h1s8EFzAC6zte6g,21,,,
XNI1ilqT1S5R-R_oivB8mA,21,,,
BIBWGO_r_1znnlmLbp4Nxg,21,,,
8Wssuj8FtGlHZBT6OOuUCg,21,,,
NPiLy71qqXzb45k9eQOgCQ,21,,,
kblFxfo_xnMUZF0U0aGXQw,21,,,
tVVZcFFt3ZlWVE7nptN3EQ,21,,,
IWsrQ4-AtZuFJdYzIztMZw,21,,,
_AVXgkX4DiNQAQj_3tNhFQ,21,,,
Kut9tVbDX_f7qKMRRoXg3w,21,,,
SzBpr6or7BQcjc-e3ARLjw,21,,,
VdZ_0EzBo7EHsNmiZ-zX8Q,21,,,
2omRL9-lZO9idRT9iFZc1Q,21,,,
Uq-GOs9_IqweUsB5MdII9w,20,,,
EjZYT46Y2qHSoChynd0q-A,20,,,
qOuoI7hvzBAzF1Y43J7yKQ,20,,,
QJg8AuqITB4t_iKrLI6tOw,20,,,
NaZVUOzqk5b-l0mlki-9Og,20,,,
qsJkjQoM3Hdg6Gtqp2S9_w,20,,,
yzmvsG3Vo-2_F3_0wHzJdA,20,,,
c_jxFudI6Gejrm0uF5me1A,20,,,
Vay9xHwcvu7VRZOddBgn-A,20,,,
v5YvCuj_b26JKAqDcnReFQ,20,,,
SstJJVADGO50B8wut8M4wg,20,,,
SvHAczHxIJ00QlJ9ovQR8g,20,,,
NCFwm2-TDb-oBQ2medmYDg,20,,,
Ffhe2cmRyloz3CCdRGvHtA,20,,,
Rd11Bosr8JkfoUhZLzpuxg,20,,,
WEoivlVObGE03PiWvVvXYA,20,,,
wl0QZqAzr1DelslQ02JGCQ,20,,,
6MhY_9EkUkKCvvN8rzXZzg,20,,,
UN0UwUh7jaeX6Jg3lZImCg,20,,,
hCXknMQalY1QQZrdZGuBHg,20,,,
st_pnALlGB6OCWkb4e14mg,20,,,
YmIYjZGnuZzqVPkFBF4Omw,20,,,
AsCdjxtQKvn-s1OyyG-joQ,20,,,
XeUm1QS078kgjwONhul0ng,20,,,
E9IPxXY6pS2gTW2FBkAJmg,20,,,
_9SDJqTh8z0t3WZmVvbnYA,20,,,
YDZRlB762hEebm2OyZISiQ,20,,,
5c5UirXrN1UsEZiM6FGP9g,20,,,
IQ3esF7MvIOCbeVetW51Ng,20,,,
XQDWifQPvL2R_c3ptJ8D2g,20,,,
lMYs3z3Y7977TVMn6OWObA,20,,,
w2yx8dfNXi3TcPZSdQOw3A,20,,,
yuFdJdrnfMp3cfXVwTXjjA,19,,,
0H8PL4trSvZFYgPpvSOCjQ,19,,,
3uBrRcIhbhed1xftLBvabw,19,,,
RXaxKQJtExnRZX1inf8Nyg,19,,,
ILlebFUb89ZozizpVGeHdQ,19,,,
NOekdjvFFtCYTKvLN_XLxg,19,,,
PwO3JDkkY6y9Jty8aXFmsQ,19,,,
tJzf6H1dkuUbL-t8bzL3dw,19,,,
ngs16C2M_uTq2zXamltHVw,19,,,
ihYY5zkrGpqfaxdeDDY45Q,19,,,
Ql5npMMRWKurN99tgA-g5w,19,,,
smIOUyPwm3Nu8vxH66La9A,19,,,
A3hwreijrD8HcjDI7PIAgg,19,,,
qRymrsLmlA34bC8PvNoujg,19,,,
0U-1Wkl7y-wv39qM6WKL_w,19,,,
vKgsXz3W4BIquVcgJs19sQ,19,,,
oD-C0IhodDOtWWOiNm2txA,19,,,
K0BwkpkeVKgp0gVIeiTEOA,19,,,
ErHMVkPstNyefb3ZU_z1Cw,19,,,
9Cq_NVvWZOEAzmE7tqJgmg,19,,,
MgHWbwuxxb_txhI3lK_bKg,19,,,
7hILbkFvcaSOxWuovFmWeg,19,,,
BkIZ8UDA23qxnp_kR1Sv8Q,19,,,
MohTx0z3LnzAnr0bIsstHQ,19,,,
Voeq7aGDmCGMjE_SQiHwRA,19,,,
u9_cHsWEKds73ZT8PZaf6g,19,,,
IBZ6e3P0OqcPXVjvGlpueQ,18,,,
806kkDGaRCJ4lZLRcEf-iw,18,,,
IXXERocY1bqGwRllcy8J2w,18,,,
pmOlcFQg9Vs3ONHpVNNXjA,18,,,
3BA3Ro7GcZb1N_PQW4m1dQ,18,,,
DbTpQB1BSi76naw2aHXouQ,18,,,
YpNCrt2l7TEsZvUWMr72sQ,18,,,
diY31IEunbV8MfDh81FS1A,18,,,
UaoOIiwPF_rp2BWYD-HkPQ,18,,,
O9LDS66IUKIBkGz_uFZKWQ,18,,,
GDSxxinJ63dwqL97t-Wzmg,18,,,
CZhc8YXdFLhAI4ViC2ERTg,18,,,
Yp9w4nhUowBU_IS_StFXbQ,18,,,
XkvvUNCmLIvOts0OftXegw,18,,,
V_-TRlgkgqpK8QzcC9uYlg,18,,,
lV_ws-TSIuvQ2NysULXj8g,18,,,
Noi53T0PWNEN9mQRS3-Ncg,18,,,
C2VIYAElOUer5rBZH71c_A,18,,,
8nNB_yG1gzVpbqNH2EBucg,18,,,
pApEPv1-ApXee4GYYMB5AQ,18,,,
8gwTY5nZmV3CiP9xRYc--w,18,,,
ofAbFXOMz2-Di7p2oDsfhQ,18,,,
jOJaJatp88cqnkVo8D8RJg,18,,,
atNpoWy_XrhT9EUIEP6azg,18,,,
xC1-8kKTeLkF85GZ9IfVow,18,,,
mkNDSH0DQlNAF4ml3MYpkg,18,,,
yEZn1XpLsEC9uBa-X4xAZw,18,,,
kqEjBvWOgnitmH4nTTPuJQ,18,,,
Y5lamf0Jv4pB48otGWrkkg,18,,,
UTXNr62dGSK-tet8OeXUcQ,18,,,
h64CQI921eIetZcYsm06bw,18,,,
13nKUHH-uEUXVZylgxchPA,17,,,
lUstDPzw7aEmnHoR2L_SYw,17,,,
lFPNibSaYC3Vq4PCGaps_w,17,,,
zaJkOJU0EtsUyjjP-z59ow,17,,,
T8-8C1C7QwxzZcMGK_8H4A,17,,,
IOEGLxXwCNiq4P-U359D7Q,17,,,
tEaW0zgsYihSTjysrpXaWg,17,,,
fE7x3Ui2mzdwdfJnd7r_1g,17,,,
kZspuWnM0Y-Losvk2Rl0lA,17,,,
u1qH9px6g49-AeCXrMvJ8g,17,,,
E7VRsyNQWPteH6_qI4j7bw,17,,,
S1Gpj_cqlEzitBCGAXj5aA,17,,,
s8zbUEaXHkfDk_URBAIauA,17,,,
pfPTLPX-M0i_hjF_a6lNYA,17,,,
qPAkXCcMfrPMiX2YJKNJsg,17,,,
4QXz7NU6Knxa3pNOQd7_dg,17,,,
0yH5_sluR0BmgaxUyJUj1A,17,,,
tOUFYUVuhdvtHVSrYu2hwA,17,,,
VEe-_Yc1fbEtUjkACEjLpA,17,,,
fIqJXdqTrokeOyYpMVxhfw,17,,,
4dxsxSavxaFQN2tDAyP0Ew,17,,,
5qsjQ2FiMrtXGTmkhCWalw,17,,,
RU2VtVZG8to-XVEHD-2qag,17,,,
jeTvVMOR8W_04xFsPjzOEQ,17,,,
oMOj7UZRK1_ExV49fBbUaw,17,,,
lNB-yJoVi-sk6X0uoWOh-g,17,,,
U5XCBcTtiNyasdT3A2_V3A,17,,,
YSPwC1polC7TOwP1kkxkjg,17,,,
lCbvbCkJOn2ABdHrcFqNzQ,17,,,
fKfmHoSI87sq1H6LT1eXmA,17,,,
RJnikmkw2aW4gF2zcmxfvQ,17,,,
e9q0RPoKoja0C4Q_a6cnZA,17,,,
R8811Sf7uYEa5m3KBc32Qg,17,,,
eF2jf-E5ktRQIh_4_-Jxsg,17,,,
5r6-G9C4YLbC7Ziz57l3rQ,16,,,
KpFc2FXm7OXLhoKgKDNz2g,16,,,
AEx2SYEUJmTxVVB18LlCwA,16,,,
AF_VU15nNsqIg7-y9uiQug,16,,,
pOEL97ld-FJMKO8Ki8JmYg,16,,,
Oojj-vHvlp5DacCzGe26qA,16,,,
vGAJwqvfJLoeHdaM-8eRng,16,,,
9a9xBjlW2RxKxD9RMgmcuQ,16,,,
vyDW7_CHhDUJshMqaSjj0g,16,,,
YDeN4OHayfKocEo7Tz4jMg,16,,,
0NoHJtug9xefI2OnsANaMA,16,,,
sKWZ_tAOVMZoC4Qk8_Bd4A,16,,,
44kd3YdkhXj5XiSPs5XNjQ,16,,,
iikAHVLZrZn7Zy1aEPD25A,16,,,
ept9mIlqGIsemr6w0RczaA,16,,,
6a-EXpakLH9tLtv8SDWdWQ,16,,,
tkSk6jdenjbYEcqSchFR7g,16,,,
_nB8HNT2IDRhlAoY9TPYew,16,,,
GbyqNbUnlJ_ZvWzPB8AqpA,16,,,
RMRemnpj5svgOEqOskRhgQ,16,,,
A5IQhhf2c9i2PwVmj92WJQ,16,,,
BLDArCmdbbCnUcfLrxnrlQ,16,,,
ATssvRvJZ-KznqG83IjWVg,16,,,
Ud2r44vcEX9mPCmk62bPuw,16,,,
emCZVTnhkDEQUaAz5wJq1w,16,,,
uet3BcIwFW487z_xtePsrw,16,,,
4_GIJk0tX3k0x0FcUv4sNA,15,,,
1jNteKQ2JuF6Sk1SI9X23Q,15,,,
An-JJle53UMHokU4MwFktg,15,,,
pOvTYClFgMm-wAXPW1CnhQ,15,,,
9Jc3W0aR9Xf2gcHI0rEXsw,15,,,
6Toez65egZSMV1iohQWGIQ,15,,,
2LZGeJy8qByYKB71ML-jcw,15,,,
5N8R7ALESZ30EoAzVJtabw,15,,,
RhV7sraRUB3km-gF-tmDow,15,,,
7_F6dA9xh2lydTtr1LCtIQ,15,,,
PhGpWmiHPlgCjQNb6qYZYA,15,,,
XXuFOXOLODvH5LVIOQzIwQ,15,,,
g8oxQ1Ji9mr9PMjhEfaWSg,15,,,
uCi2ropZuhG4XVcMDaurAw,15,,,
8mIrX_LrOnAqWsB5JrOojQ,15,,,
BCAw9a_kyx2RddRH9tMmKQ,15,,,
VWtT4DKxQ4YVRWT88Z5SMA,15,,,
TqUVH7Ox_3qEkCxCCS_l3Q,15,,,
BG8lvZoPTrPJqcvTh-ytzg,15,,,
Rc3fdyxa9IbhBDL-q1Q_Og,15,,,
YavRvjbLsvh4DYDJPAfJIA,15,,,
AuIiqDeL65kczmiFSkAWrA,15,,,
pBFewLcdLnf1XwPTE4jtyQ,15,,,
gsqm34KlLnOgo-yNPbZbYw,15,,,
S-FDDYNks1fXSoddvW9WvQ,15,,,
4dG1QdAF9sE7c00Q-VVkMg,15,,,
3mlQUErZsFTBizQJiftHmA,15,,,
z-m0Dj_ea_SQra2kYds1Dw,15,,,
YvCIHmADAMDP_JV7vSBAHQ,15,,,
OY0-hYJ2q6WiAqhYnCZZ0w,15,,,
pd-5qQZZTuiKQpj9bf0ryw,15,,,
xvIKjbhFydKRzrnibKuBDA,15,,,
zUpJKj7qFbMIeP_qDgjegA,15,,,
ZmBrHN9UyaCk5JXWstV8mQ,15,,,
a2JgQgEGm5hMDEhryhMMJg,15,,,
FV3v0F5yAsAZ6PVXFsVjeA,15,,,
4Odbtgh9g8XUKorRg7MTHg,15,,,
lpxj6LFir23Ds6swW8a6fg,15,,,
BmSLyxm8b86dtzwuT7LqBA,14,,,
ik9VvawL-BeAqlxTI1leew,14,,,
yXvyFDIdJTM0kLGSe7VYAw,14,,,
VTs4f6LnUMHD4ysOezHSUQ,14,,,
XdhJ7PjfMjBmZwvKikWlkA,14,,,
Hv1l2caeF_A6Fahgg5DHDg,14,,,
CHW_DPKnTqudyRaDa4vwkg,14,,,
8nDEOGVVvReXFJ2zjPh4Pw,14,,,
L7kKW_HkKXffC7OnJTmLug,14,,,
k8BqCejnaMlw7aoVthvqyw,14,,,
Wcuo6YmYj3xhCso5sMQcOw,14,,,
Vg1C_1eqwIwkZLIXGMTW3g,14,,,
gki751UhPZmy5HZZQ4RLKg,14,,,
a4grXFNKZmZm0ZJXd1PVdQ,14,,,
klddGAcNIpE_aB5sd1hNXw,14,,,
Zq9WPT7ZAOYlQ0GV8OQWKQ,14,,,
i54zPj8AtDY67pW-vZz1ng,14,,,
jBs2HmEOkqCvdHNnw3N-og,14,,,
x8C6vsv0JxupP1-s_ppl7g,14,,,
sZf_KrF9ZLC7z4jiLGgVOw,14,,,
AASlZeiW3U7LlmvXTqMyYw,14,,,
UP2iSqCGIHU5EHZ1vNNfkQ,14,,,
VgfqjXetLMxn5X5_uomBkg,14,,,
9g0JuC-_vx35T0m3lidwBw,14,,,
SqL19z7A7LB91RkWWwWvnQ,14,,,
ng8vj7q4kFt7d4Ud4lBhHQ,14,,,
XHxeDcbfDkXJdOOrmYgdJQ,14,,,
GNi0IjmB5RYOFHxcb_f2qw,14,,,
GqWBT6OcQ9FXTyQ3eegpZg,14,,,
ECiv83EdFhQFoG8Mtu5whg,14,,,
SNn_I8VMds60C4bSXCyUtw,14,,,
ky8BMyjQm83cqq9fx_Rn3w,14,,,
16-Ne-iDt5HpHWIP9fOmhw,14,,,
N3J76CRP2H52NUo4VFuS3A,14,,,
cgWyJ_dhkhK0djaR3fLjhg,14,,,
_2RhdxPmKnf8nVwAsI7Pzw,14,,,
VMx7qNq9mjdMrr0IVSWsgg,14,,,
N2oSE9WzpYL8UO3LXuSXhA,14,,,
Jur1iiejUFw_YCkfDfy1gQ,14,,,
VR6GpWIda3SfvPC-lg9H3w,13,,,
CKC0-MOWMqoeWf6s-szl8g,13,,,
ACFtxLv8pGrrxMm6EgjreA,13,,,
0-yj2jtzLUHG2b7PpEHyog,13,,,
vyeQzjZFx6KoL2pJBQ2QFA,13,,,
7Uti5EeAwm3drG14KVrE3Q,13,,,
0Rni7ocMC_Lg2UH0lDeKMQ,13,,,
uN2oZDJGO078ExbbV_DGmA,13,,,
bKh66jlEqEKZZFkjWipt8w,13,,,
dA-8GCVKxUuyA8IdhQQp6w,13,,,
07F0eE_JHkH4Op0vpR_v4A,13,,,
87bozyZ6vtlEDy33Ek_fZw,13,,,
QhMhM3Mhokv6V-H0MRuYTg,13,,,
ym5FOqL6tGbgynzwKMHZuw,13,,,
fcUZ0HlaO1bMW26tzQZVOQ,13,,,
JjjQSlvTvGlIAta5CyA6UQ,13,,,
8guV6WfhUtASpNhNsd945g,13,,,
gqcJHVFCPeBRGnDf8bFzMw,13,,,
kYvZZ_aKaKLQKeyms74T2Q,13,,,
lvuuyYZ-CzFrg1BLdV2OPw,13,,,
niqIaJy9UXu-DS7BIUvUoA,13,,,
pDSl9xdKJCdN4vu8z26cEA,13,,,
G4X5w5vRQNEFUmrJo6JakA,13,,,
yZnEwqTGpkrj_mga5zeZmQ,13,,,
adTbcC7JgvzYg7AD_Ga-rg,13,,,
ptmG_KjwGVszU0sPpFGXJQ,13,,,
KxHDiCOhHWQu_VOw8DMfJA,13,,,
cghHesD2NXV5yUu-ZAxE2g,13,,,
WmrYdo2nw5kgr0Gw2oQ4Qg,13,,,
ZaIzVnhaV0ZBSoEwz8Rbvg,13,,,
0URIvKxCNT-AVgtdYFAX8w,13,,,
Xwf022IffmZPq6V25iomDg,13,,,
HsU00tlEnOg0W_cv-xubgQ,13,,,
J0rx5BsejdRTXU8UB-MJSA,13,,,
w3JBz9gLbZ0CKWQM07nONw,13,,,
HgJGwePlWjhzOEL028pSig,13,,,
NXNa5OYmN1CNmXwHhDxpRA,13,,,
ygJshif4VuxL1ijnRJnuYA,13,,,
rfa_0AOmpwLTj32RL2Zvyw,13,,,
LPjK0C7akiJ5BWVbZ96VqQ,13,,,
JeRSD160z-pRRdfwfz5jyg,13,,,
dXwDDsQv3tMzw69pqmD-Vw,13,,,
OwzyHYmS15-vtTbSvQLORw,13,,,
vYbpodi9utup_njMK5PAfw,13,,,
EkYbGk9L5KdCfL3ocZ7ETQ,13,,,
63a_w2CGKwQQRsevTVKKeQ,13,,,
aIY23z2YvbKsyzIiUqK5DQ,13,,,
3ajqOW9A7VhResA08I7RTg,13,,,
y78qakVvpdRgIzManeISAw,13,,,
9_CGhHMz8698M9-PkVf0CQ,12,,,
I8rveLd-dl81u6c8YqAxmw,12,,,
DKiRDPtQ5cTN-eX1oEgA9w,12,,,
I44P6Pfoey2pArOhhx2RnA,12,,,
9g4jaW7IzcuwXg86eJbynw,12,,,
kKNauD7d3HOvumRV7JIAfg,12,,,
g-OTq2Jb7FRP7cYDUlFCMg,12,,,
s9TzmT2kZmOZkTa53D2e3g,12,,,
h0TKP2PK0QaAqvqdILU1Vg,12,,,
m-_IOYAreUyy_uyK9U3niQ,12,,,
6zry3kyGHiplbQ4rdqxbaQ,12,,,
94BEy7wGKmrOC7sjSHMisw,12,,,
xw6G0T2VQZAtta6RcZoAOQ,12,,,
XBcy5493AsrFs0KyWvUh0Q,12,,,
rtpsCmEEFT57Wr2VuU2FdA,12,,,
M1uWeMO42AI6fapl3utJoA,12,,,
Hz-OXis4Hk9l187LPBo_8g,12,,,
7qFtiPg0gdbk911_mj6LoA,12,,,
i53HvxUdQEMllZ1XmpjjyA,12,,,
6Vyp-9i1jzwK_bvisuPJpQ,12,,,
w0XjeV4WIUskQy8wwQf40w,12,,,
ts68YQ8CmjfnxhzLyLpWUg,12,,,
HfxMovSXJZVqL514iUD02g,12,,,
pDewiJY6KCcZgLxxgxg13Q,12,,,
eTXYID00jGxq1vZpntBUFw,12,,,
ZAqgv1gply0m_4fHAIffWA,12,,,
swl9MCD8CU7kbNvn0L4SJg,12,,,
0uR48n5SYcLE_DLcjONZPg,12,,,
qLBKk3OCVrXGI0aFzgVv4Q,12,,,
mlr5x0WpfCSjhca5q-hmMA,12,,,
lKH_cqeaeVpHdsO2dK58OA,12,,,
pYUoaak6lIHX_8clvk5Raw,12,,,
MqiSEnjf2cayulABkHZWyQ,12,,,
wJKTZXmoSO_4oGwbKfF4JQ,12,,,
O6obMXRKCnLMygvm2fSp0w,12,,,
uxDnXOh6hAWKw1Q31XHnww,12,,,
azy4-i93S7S7uN3pYGMddw,12,,,
e4HsCEpfXT3Djcgm8rSvSQ,12,,,
9MsMQmaeluNro-k7UDIsYg,12,,,
keS-G7fCEi5lDg19aCeOvA,12,,,
PV_0dG4bYgFyrBxgauBWIw,12,,,
SnD7fcwR4NR7Cgtx7Qm4ZQ,12,,,
OFAiA6En2HD0CqLkFDCNpg,12,,,
JOoblYsQjFT-47tkt6om0A,12,,,
BY0o4pOtNPKyTklTFXDJpg,12,,,
uLzgiSqVg5Pr93VVXSdOlg,12,,,
SfHE6qK6dT7wxX-Ow82tRg,12,,,
xtktc6OTdtilAREgJH-P4g,12,,,
wHwHmozyqtIE5U3uTtvpuA,12,,,
2QXVC1tsOeXyd16Qp86TWw,12,,,
dRbmeC5hl211hH-WeMtv-g,12,,,
6ANVuBMmpkXpFd5Hzkn4_Q,12,,,
z8oIoCT1cXz7gZP5GeU5OA,11,,,
zxJlg4XCHNoFy78WZPv89w,11,,,
FQr_scgz9a4sXTdRS4d3mg,11,,,
4zrplmbNlzIsxYs-iDTbLQ,11,,,
QePLHlU8MFaU2Sf9dzoLTg,11,,,
FtaTjyMUIY457tPJahjg1A,11,,,
Trbt0Ex85yvwT8DHoEFCvg,11,,,
yhgUyctWczUN13MinNgZ3w,11,,,
TDTASGFy_aGp6vy0i23mDA,11,,,
_R-rjgz4Kwi4f3u0clFeKg,11,,,
5PD6FDa_03U6NXrd7E4yGA,11,,,
Kk-e3xC8sWiAhh1N4E5myw,11,,,
ByFMv3p5X1aNeZhU61rDcA,11,,,
OFw59czUoeeosFMKfRawmg,11,,,
KPV_FVNWkgmYh1ArVlt6kg,11,,,
swtA5YoSGm0V5esQuDm2NQ,11,,,
T5kG7e63YFDrNxEfNKBV_Q,11,,,
vGQhSTsbHTTly4G3sQoGow,11,,,
QZgtObG3H57Ev5FnjoGjFg,11,,,
QBLl3bVLWZB4-jS-O_MKug,11,,,
P1Ks4okkg58xKTXLjGp4iQ,11,,,
wcA-pfNAmxRJC9N2IcJX3w,11,,,
J6qWt6XIUmIGFHX5rQJA-w,11,,,
Lbao9gRdsh4GmObsVqANPg,11,,,
oNn16x2Ubv60RAibmJ2uSA,11,,,
2xKGSQcrC4Tka_ejkDT3vA,11,,,
Fn33de7Ans4x9YD2T7QgAA,11,,,
WcGKG8_rDVBVx6lSTlWiDA,11,,,
LyhUo7X1C6uLHZnfvoXbWg,11,,,
1FAvxOUOGGyZoYNlAXACag,11,,,
vCjX7hK0Aq1d8KcrhwwxTw,11,,,
PFPUMF38-lraKzLcTiz5gQ,10,,,
rdn0vLw8Ln5_PBwRcE6BZw,10,,,
oqJe5o_4J0xkhvTSTP9UNQ,10,,,
UfNTlvEJCOQ7XDRj0LzEtQ,10,,,
f16oe_yaGBh4AFK_mlBabw,10,,,
iTwYEwBqer2O4OkI_7Ef9A,10,,,
ozEDKl0tZw5ob1evx41gcQ,10,,,
BuFYIRXZNc0Ti-JSQ-QdvA,10,,,
o8rLVDZRGHjko8rm4PVxPA,10,,,
DiCWSyoaBkIpOVUdIO7Jlg,10,,,
SXV_yKYUAFvQJirAhF0tWQ,10,,,
yvqcZrHixuf_oIUW83xUcQ,10,,,
QsKhwKYB3YeWXqpIPd5QMg,10,,,
2IvrdAb6zdxr3ZqplqJHbg,10,,,
1JF9TbJ2d5hH8xsQvvklHg,10,,,
jobP3ywRd3QNZ_GCoPG2DQ,10,,,
LYHMZOBRSAi_TR-5Xh-4pA,10,,,
DESv2ys6SjBKA4SyDtJvxw,10,,,
p5rpYtxS5xPQjt3MXYVEwA,10,,,
dGdHdS_o-karmtG47RvJsA,10,,,
9XF1lIPA7EVw8n30gvSwUQ,10,,,
YMZy_nGxtJtuQvflM6Ltww,10,,,
AeOdoiTcAcRdjUXtNek0tA,10,,,
OugQjN04sQNahWzYEdTExQ,10,,,
WQIvHDD4hNa8SDVxdQt56w,10,,,
uO81UPtXJK9L0s1rOkwMjQ,10,,,
LBqipX1meo5cOXIldJcmZQ,10,,,
bN9WeldcsIAowZ3p_ubZAA,10,,,
BKixFkM5EVZUItxlO0Pn2Q,10,,,
gjATEWAllTfxfxhGqJ93sQ,10,,,
FDY7wagp7-rfjopJDRARbA,10,,,
hDlRzzxfVkVNjnveJ8sLmg,10,,,
sOYsxYYFl03PhHmz_rBDZQ,10,,,
UVVjnJ67fm9EbNPFK5ZgRQ,10,,,
Jzth-y32SyvOhJNgbIPTqQ,10,,,
8QWPlVQ6D-OExqXoaD2Z1g,9,,,
2QCZyAOB6xXKCdyFPvXXmw,9,,,
zkU-WMio8g6dpRJ2Y2xqvQ,9,,,
sTV4qyjDkY5cLvx2omtLyw,9,,,
LxXgO4DTj78L5--V-8TGrA,9,,,
TIf6ZByLdAXratne18kjoA,9,,,
kEC675O6YwRH30ImVxBCCA,9,,,
i8hkzA5eiUXgbPjN8vK3rQ,9,,,
91JwvxaCYhLWnAOWp_AmeQ,9,,,
IjmqHVUkiY1hCewisy-5MA,9,,,
kBlma2kzCdtKXOzO4xhKFA,9,,,
NwEtO1yQWDGG-qBqD6latg,9,,,
iBVKoqOqe46J3h8ny9m0YA,9,,,
q2YXBzJ2S6jM8pbC23f83Q,9,,,
EWtz2BMrvByiS8itZDaYPw,9,,,
D1Zz5Ea3kgsHUMDH0M-jNA,9,,,
lfXfxBms5z1nwzkxxLFBWg,9,,,
BOMgSyi4-TYAnjVn3m0z3A,9,,,
mcXRNuN1MsgXYt8B2MWz2Q,9,,,
US0ZdkGe5Fv1lLczbKYJoA,9,,,
DTvcpHf2gGKgSujUVXA7sA,9,,,
bD46Yt0A_zToPPPE3Lv1cw,9,,,
k2b3niokS_tosjah_rzCPw,9,,,
njAKI1RSggY0Izay-xwJSw,9,,,
j7ueBj03cBuGD5dg46RDsw,9,,,
nnn6Gl_tf8bwGsNyXQ9s3g,9,,,
gfWGBaMo0XVT4q8eKX8L3A,9,,,
n9r6Rxr3gxbZiSHWEB7ujg,9,,,
ZMgBp4XmiEHYAuXKbe1hUw,9,,,
uIEnZquq1XoLWeeutR0GSQ,9,,,
uAgmJQyhsj__iXLriNCWYw,9,,,
bOGpm_4Emm4btMbJNA1L7A,9,,,
fCaJNz9ff4x0x46fPA8nXg,9,,,
LLOCKcFIKbeWmiyCGytBSg,9,,,
s2I_Ni76bjJNK9yG60iD-Q,8,,,
gkCorLgPyQLsptTHalL61g,8,,,
XWTPNfskXoUL-Lf32wSk0Q,8,,,
Aov96CM4FZAXeZvKtsStdA,8,,,
ZnxudK5ExgpfXs4bicS4IA,8,,,
FjTihEfjgq9dm3IJ7S888Q,8,,,
JlNeaOymdVbE6_bubqjohg,8,,,
r6_2abTropXGthCyP_aUXg,8,,,
yLiaMaJFq03JxXPk4puloQ,8,,,
sWqQQRiD3YBxNJlPrMSNIw,8,,,
SHj_WEN8p2U3LsglfdUY7A,8,,,
_N0aR1Ncx2Fr_Letz25Smw,8,,,
JbopSXzZIy7id23GJsO9pA,8,,,
-P8dGzSVhJi-5oZ-8U2y0w,8,,,
X6TD8xLS_KMneyOGquOSVQ,8,,,
rkqTVzTkLaWSUybaWUMIdA,8,,,
YUE5S4ReiM4dq9qkKbDMwg,8,,,
aypYzV1Aad9exkitRF9UnQ,8,,,
KjV_68oLLSpqR96VnV68tw,8,,,
kOZohaAywZ8GFF6YjOyBVQ,8,,,
BaJqXMQyuRRkGYp16EeMQQ,8,,,
2x7wI6CrxO2N_DbwsBtr5A,8,,,
hGfgR4eN8T2IVvviJaZdBA,8,,,
Pob7ibbNT29--69nxXEP2g,8,,,
77h11eWv6HKJAgojLx8G4w,8,,,
uAVMHdO3hz35e9RbS54rQA,8,,,
BCknXEeT9vXQzKGHotsJKQ,8,,,
S-RaYhvlDg8rgEOxaFeLHw,8,,,
LrO_Xy6lfpbTgFoJcOjY4w,8,,,
RRFfe2Ex2XBcaK2zxSN0eg,8,,,
SEjyjYlMfFFzkHaru6JadA,8,,,
9Nd2EJ23sTsQos7F65_5yw,8,,,
mm0qwYzOilFNVV2us5_8Rg,8,,,
1wXG16CQp7eoU_6svEsQSg,8,,,
Qx7t712f6ymsWsY2G9D6Zg,8,,,
pzIcN449xQWWyPWsmj10OA,8,,,
cWfqbkMit27-Pg_bPUTwCg,8,,,
AGSJRuSF_VF3rMYhgyyxSw,8,,,
nFR7dDedxRuBeZz_6Cdalg,8,,,
AjWFFZN8KwyqJzzi0DyEsw,8,,,
fdnNZMk1NP7ZhL-YMidMpw,7,,,
Tn8O4tv1U-n0PRC8kbJJPg,7,,,
D2PmpZYRdRnzL7q4Wprf3Q,7,,,
3vs6rARRBm-O99y4bryilw,7,,,
kRdzgq-hr3amtTkQR-U7dw,7,,,
JnKzrXKxY1cThJ0vNk-4pA,7,,,
n44grut83X0UiRZCA-O1fw,7,,,
NOz8W_cUV3Dw5yLgFkKLGw,7,,,
E3yER5W6Wsyc5ncGKb9Nzw,7,,,
xoGPeHR2RPnJW470-aYBUQ,7,,,
Lq_9qTx3ruvdRBzEFIEWPg,7,,,
h_-KUSA612pFEIGC_dCsKQ,7,,,
bbHE-NRab0v-iz5FH_7_Gg,7,,,
PSRZaGGxXmOmabL2si8pKw,7,,,
Gt4z3AylNTsEPDkzkaC7HA,7,,,
FaoMHRFjrZvD9_RvYZX4oQ,7,,,
X87VvzDneI2fGXyT0NmZIA,7,,,
avkOIpslBUFZMQhELpl3JQ,7,,,
IkI9yPjx-MRYh-Jh-LqIiQ,7,,,
CypO2wWoYxIyGuQ84F4e6Q,7,,,
EIat5e4gz0MjHG1Z2SHqcA,7,,,
yvJqxVTO_qwRGLMtUrqzQw,7,,,
BlrvqjGanZvjlNsnIyvAXQ,7,,,
7S1psNlgwz8g_OsxLOA26w,7,,,
e2ApirIzYID9xIye0r_gKQ,7,,,
6wUkrUR89sLe15tm6MJW5A,7,,,
vOfz55MmWgjNQ3BA2PnhgQ,7,,,
MBiQo_evqLa3pUDkh9rjWw,7,,,
jGKcrKCPZ7wtFticJ6KZHg,7,,,
xL-Ckvr8k8vEBJxC1wsCqQ,7,,,
xpJEBXTCQh5Ib8BJrjt9Bg,6,,,
X29BLACjBhOg_P2USv07dA,6,,,
XCxxPZ3Lu5mwmIo7IQRf1g,6,,,
L6R2Op88NkoG1EGxlVvdRQ,6,,,
6eaQfA4WDBhZ-YNGeJfDeg,6,,,
A37JfEzlKQygyzA-5p2dWw,6,,,
jozzH4XCEM9yQFjLAc3_zA,6,,,
4gQco-PeH8CTu9Hs8qpblA,6,,,
nUR_AQd_6Dhpx3sb2T6meg,6,,,
DUJUiaqmqOk9LlNnfY7M7w,6,,,
Z2Gg6jHPyknSwkzRpResVg,6,,,
dJS3iH-odljqWS9MKEFsBA,6,,,
LNGBEEelQx4zbfWnlc66cw,6,,,
rrlD2nssPWD8Nf1mmkaKuQ,6,,,
MZkP-I91Df4XgmVelGBGng,6,,,
iAu8s96GKQ73Xe7j_2GyCQ,6,,,
sc2Wq7h1jOBEgBXwWRxzpQ,6,,,
zw9_mqWBn1QCfZg88w0Exg,6,,,
a8ACgZ_bPPT6iRQ6R7Ridg,6,,,
DDs5YMhAjnP6oA5-eGw_TQ,6,,,
hlrZHM4D48XiQtXh6cRg_w,6,,,
BOhaMeDfrPRFpGRiA11mAA,6,,,
wRY_ZJU8-z2QWTqtgoumGA,6,,,
XdOxflXrlWRdL9IWzXC54Q,6,,,
HFEkIohUqGIudgqbHiK1uA,6,,,
fxuUGJ6si0QxcRKn_KNkEA,6,,,
OgnEQFk9HmF6jGVM3hUM2Q,6,,,
vHt0CSynqesXox-9nBj7uA,6,,,
9G0ETTCB7RUhbUZJUPm3Tg,6,,,
fQt9QVAZM9PM0wFDdROvWw,6,,,
HlkjT-4MXW_efuEydjrR1A,6,,,
5jxn3_C5rjBow-aiBqcQNg,6,,,
V1M2a6JaXPd3Z3ypgPXKmg,6,,,
o_c82LAuEV5Yr30Xp2NveA,6,,,
L7xUJWusUsbg353l72YcWw,6,,,
ELOGqkFd6SCm-dSRca8Nsg,6,,,
xB7bsOpJbnK9nHEZw1ARDg,6,,,
I0f12eU-xFn6Kd_4H57jrQ,6,,,
a9aW5e731lplWGHUZ02-zQ,5,,,
TrOgTZ0DfmQxvpTehiNibQ,5,,,
yaViddk9vxi-7p8DnjoClw,5,,,
wjW6YN9s-iDq7l9PcUsPZw,5,,,
b3z314J6wktaNVblxumiug,5,,,
ry9sjfc7MO8e7fgS8b0oGQ,5,,,
YKMff1cRLKLrjYD3NELSqw,5,,,
OdBnsy6BCAKxaT1mTDXCnQ,5,,,
G7sCRZ1R5pQuMd6NsvrqKA,5,,,
mgOkQUSipgh-tUE5jlDNdw,5,,,
RnAb4KkRDmWUBWhhZhugZQ,5,,,
S-oLPRdhlyL5HAknBKTUcQ,5,,,
bNpgu9sr3K18oLLw-eL75A,5,,,
K7fip0nDFFdCC7OCnNOotQ,5,,,
3QcTqsdxQBlSndBdMJBRhQ,5,,,
VfFHPsPtTW4Mgx0eHDyJiQ,5,,,
0a2O150ytxrDjDzXNfRWkA,5,,,
RyDiwx4xD3Lx8sWHx1aFlQ,5,,,
RF9rkD4xTD4u0T7lSHXftw,5,,,
VPO8pBUwYz1u6GoG0d2U-Q,5,,,
C74CzWHeXxchP2O5A6c95g,5,,,
Qa4eXuZ1IFPwnVXJcpZWtw,5,,,
5hfXB9GygxfxJXV-Uic5vg,5,,,
cJ4Y1CJzXj06twUZ5VGc8w,5,,,
yuWvTW7oB_jxzHuBIxUCJQ,5,,,
AqYLbchnIxVSBdUJuLVdrA,5,,,
wzugmCevnXuCMCF4upAf0w,5,,,
RWGI8u00x5GghYCEzpYrIg,4,,,
Xy74meQwdTnloAAyRC-4cg,4,,,
Eox_Qq74oaFZ-YjthpHhBw,4,,,
3RlylOY452bA8rwliPUeUQ,4,,,
SCklYa_jhihWAcfIn-_chg,4,,,
lRwpFFaFr3QQ5fGHkk3eXQ,4,,,
xNNAfZJkLZlAeS-I7-QwgA,4,,,
ZilzayEdyk70SoI-wruJbg,4,,,
hMYqz6Nn1ZIlYBZm1NYp8Q,4,,,
kfo1hXvNtGGThfrZGaWtVw,4,,,
8RaBVWFkysjREG-1itH_pg,4,,,
WzkbnhI-fxdH_tMzT3evtA,4,,,
CZopYW_jT22mOPEDofWQ4A,4,,,
T6VKCBhHojQkCWp_IYO24w,4,,,
nSNNl7s0p3hSB3ZLPSVSlA,4,,,
T00dMi_gQdyQkE9GKJFVSQ,4,,,
SR3kKXob2PtBPop_pNxIvg,4,,,
V2owu-O0rrlsGup3FMz2qQ,4,,,
GphK8XqkjoSlh-r4BNJY-A,4,,,
1VOJtXuhsDvF5IQwJ-Pp2w,4,,,
YF4QJ_j-PM7cMZja6K1MwQ,4,,,
ag3oY66Vd_IOYQx-sVXy9g,4,,,
wvsadleYJavXp8u697GK6A,4,,,
lOW5kH6nHVOYfmoAfpWvHw,4,,,
XfNDmxQiG5nZVZe-JY10NA,4,,,
BkwCSU4RrH0qDHthDK8mtQ,4,,,
npWIa3dIPEV1MTaZNq6AUA,4,,,
lMPSwfFtsZiNRTiF4wEc-w,4,,,
2P7PjL-tJAtMtWSz6VN_Pg,4,,,
iihSyIgl_1Kz7QU5s0R7bQ,4,,,
EHDcxAlrrP4VPiZuQlrIrg,4,,,
Zrx25j1M794Nh8fUGB8E9A,4,,,
gsjxrwdHqKdTeNx3GeDKNQ,4,,,
ZAuAwz1ijuydn5yL3q3rzA,4,,,
aZLggARpUrEpdalQqPUI0Q,4,,,
ByLGceeU4oxmwUDxexYrQw,3,,,
J0KZR0DDnvj73D-xmbh4uA,3,,,
So132GP_uy3XbGs0KNyzyw,3,,,
0QzCeORfF8EY34UODWRV9A,3,,,
60uVlCUiLJvq3xNo_3bhQQ,3,,,
xObQl57iTZrg8-hfMkMF6g,3,,,
QC9bLPcNk6ymAOHf03pHhQ,3,,,
Vq-peJrXYkVWPPngMQi0Lg,3,,,
CaVbq701PdDX9F8oqQTfmQ,3,,,
poOnGeQlHEnWRAH9t_0KMg,3,,,
q-YQIvBSNZxYJl1xuB0H_w,3,,,
RRWJ1l8YDNYKh8LV7QRabw,3,,,
YQ--LJ7pvjiDSqNv0TuKTQ,3,,,
vcxvQyAggPqxcHwvJXvjGg,2,,,
qR62k9TVEVwRuQH6-4avHA,2,,,
vtJKOOyg0NisrB45K33cdQ,2,,,
1Lbq92b6B9z1FYk5mS2R9Q,2,,,
M5dqqrla2JsBn5G3pV3Dmg,2,,,
cZBCVzd4lg_jx8IiFz-Iag,2,,,
K8MWIwCrS5w-Dbi9UHOlhw,2,,,
48OQw36mJ_xhOvR7duH1kg,2,,,
XgsIf7s2zM-cC29WUD-NZQ,2,,,
WyZAeMGsjUE7OToI4Jdqfw,2,,,
WFB1fn8rWNukmmIfTg6AMw,2,,,
r_oCBNif2W8mnSXnrXMwPQ,2,,,
s6L6SdVYhPcOQEDmNIg1-g,2,,,
dfRAK2mgdHbL2_YsFqtCdQ,1,,,
yz2EimDE7bBvq6b4mDe_zg,1,,,
nMKj8Di_9YTdZcCAWFw3dw,1,,,
CDryASuglHotRaP-8nzYUg,1,,,
kCatAFdvOhpdeV5UZK-7Fw,1,,,
sPwgafejYVdf8hd4-oDYVg,1,,,
FUrORC2zXr_keHHlpYjmCA,1,,,
V-dxglt0zIcBZzZ-4gfgAw,1,,,